Dataset,TaggedPitchType,PitcherThrows,RelSpeed_Mean,RelSpeed_Median,RelSpeed_Std,SpinRate_Mean,SpinRate_Median,SpinRate_Std,IVB_Mean,IVB_Median,IVB_Std,HB_Mean,HB_Median,HB_Std,Extension_Mean,Extension_Median,Extension_Std,RelHeight_Mean,RelHeight_Median,RelHeight_Std,VAA_Mean,VAA_Median,VAA_Std,HAA_Mean,HAA_Median,HAA_Std
B1G TEN,Fastball,Right,91.35900426397515,91.378814,2.49306708154162,2296.4267262079193,2289.1986553999996,142.91005601280662,18.356550535714288,18.9049355,3.9397872698634515,15.039453419254661,15.446668000000003,4.282260181132559,6.31969347515528,6.324986,0.48849518385558033,5.949315796583851,5.9986245,0.5177105769460851,-4.220536074999999,-4.2056004,0.597733978123172,0.47052684534161515,0.5502641500000002,0.7498520888301974
B1G TEN,Fastball,Left,89.56601220940172,89.7963995,2.7242857769608424,2247.7443423358973,2245.38573205,157.34342929843498,18.532800957264957,18.615371500000002,3.6370639101626403,-7.064253495726495,-7.303909999999998,5.218843716267812,6.209664166666666,6.2093325,0.47934349138760635,5.851561068376069,5.881463,0.5355769394200928,-4.271551023076922,-4.242316949999999,0.61499290403579,2.1790239931623936,2.1533265,0.8386200050442363
B1G TEN,Slider,Right,81.96663754045306,82.08009899999999,2.9749285350872787,2452.0380852634303,2455.14293785,237.95445629917324,4.498796771844661,4.8712040000000005,4.220069720955752,-2.532080042071197,-2.796429499999995,6.010794027425979,5.876491750809062,5.902537000000001,0.4656634414240495,5.796022809061489,5.84619,0.5344317223606412,-6.661643090129449,-6.617307,0.8405742171446612,-1.7492118355987054,-1.6735406,0.9578573265331128
B1G TEN,Slider,Left,80.0022284162896,80.349598,3.301842836882702,2393.4346518158372,2381.9950846,233.92071833011323,4.571675619909503,4.038574,5.054026328457421,11.24289020361991,10.920076000000009,5.60500598493797,5.798200257918553,5.815894999999999,0.4829249330405113,5.710334701357466,5.688368,0.547475996440912,-6.836322579185521,-6.695926200000001,1.0462715541361014,4.429128903167421,4.3502221,1.270646816877662
B1G TEN,ChangeUp,Right,84.01124266845878,84.08372399999999,2.802741724706649,1947.1033274252688,1947.31801065,296.7132258067956,11.15219094265233,11.365477,4.511467731614687,16.22254102688172,17.436485,5.369268253719839,6.260911609318996,6.24298,0.5198194462278536,5.752159100358424,5.7936890000000005,0.5236335307405361,-6.036470502867384,-5.94132255,1.030220460222453,0.6109162082437277,0.7656502500000002,1.1799820661542104
B1G TEN,ChangeUp,Left,82.21707945,82.423327,2.9911787030574057,1880.399679911818,1861.1421796999998,302.57835457045735,11.415889240909092,11.768058,4.332115444217465,-7.705486831818182,-9.836276999999999,7.424497203108309,6.198920422727274,6.2379005,0.5333172644592254,5.685953772727273,5.694203,0.5445148212519548,-6.085951092272727,-5.986769499999999,1.0627621141383872,1.6920694400000003,1.7469460000000003,1.2263194769848538
B1G TEN,Curveball,Right,79.18110480885781,78.99484,3.1207604432082143,2440.2418993853144,2445.2066225999997,271.57777830127725,-3.069444995337995,-3.67142,6.532066820969543,-4.8431151351981345,-5.455691999999997,6.739759151771942,5.7421500000000005,5.723165,0.5069091903160531,5.9284423146853165,5.986078,0.5107576108000484,-7.932964824708625,-7.896701999999999,1.186785892787231,-1.648140151048951,-1.5328644000000002,1.2251268256994932
B1G TEN,Curveball,Left,77.60289166049382,77.77228099999999,3.1954257771926824,2367.8252268574074,2361.3594558000004,266.22019307651567,-2.5949730802469135,-2.316401999999999,6.350415625059605,11.190921506172838,12.433968000000002,6.995152360369175,5.730834228395062,5.7324205,0.4977078418880204,5.858034617283951,5.905352000000001,0.5007491151570509,-7.890354895679012,-7.88980965,1.0864171364293742,3.8934554530864194,3.92370655,1.3467682777423982
B1G TEN,Sinker,Right,90.02097503833866,90.5161,3.345329671616075,2230.184608145687,2227.1257276,174.19259583008846,11.974809562300319,12.606172,4.519985347799777,16.681204396166134,18.675220999999997,6.957655158207509,6.132265728434505,6.171222,0.5250434554728421,5.639419607028754,5.752191000000001,0.6012298485359259,-5.110430740894569,-4.9113339,1.0982553358265181,0.3967917587859426,0.58228,1.230041706836937
B1G TEN,Sinker,Left,87.8492039642857,88.9261185,4.233466438141177,2177.84692622381,2154.5757027500003,200.73650579856246,11.904727714285713,12.413793000000002,4.734880651392912,-11.132269333333333,-13.391111999999998,7.778021516575502,6.029613464285715,6.007785,0.5675998751109473,5.500549488095238,5.497209,0.5306869215063554,-5.149828754761904,-4.87267325,1.2839656677497473,1.9288183202380955,1.9858943999999998,1.2572966257754377
B1G TEN,Cutter,Right,85.87709016260162,86.04637500000001,3.4310108932408228,2336.5889806585365,2347.7297458000003,240.83211119697555,9.934918910569106,9.692964000000002,5.002620873192637,2.897243292682927,2.0485580000000003,5.042980427545001,6.07291525203252,6.090107,0.5111496019681406,5.833551715447155,5.855650499999999,0.5128206196689388,-5.8712125162601625,-5.8289402,1.1264087641970022,-1.3599310219512195,-1.27582525,1.0925538962829842
B1G TEN,Cutter,Left,84.2571246875,84.4916,3.8482908295937452,2315.7344826109374,2321.4276209,177.19708973137705,9.797104140625,10.1258835,4.775339688454663,2.6088284375000006,3.210859,4.917606010090999,5.933750265624999,5.9308974999999995,0.5170948649909186,5.71033171875,5.802813,0.4426154018633329,-6.13808253125,-6.10011865,1.1436248903080868,3.2073531796875,3.1785295,1.3090685934131916
B1G TEN,FourSeamFastBall,Right,90.65957658536584,90.97320350000001,2.6467160761245907,2258.374010153049,2285.0306718,168.6631288415598,17.284271030487805,18.326563000000007,4.375590356664029,12.712649987804877,12.911884,4.957036541519658,6.175415658536585,6.189589,0.49743936136346134,5.895904329268292,5.963575500000001,0.5165599745264293,-4.508415888414635,-4.3365802,0.9315964435238612,0.05944463719512205,0.12690720000000022,1.1148899129526613
B1G TEN,FourSeamFastBall,Left,89.10195129090908,89.323656,2.7326599799515403,2208.54198336,2238.5037145,189.28830665670088,17.773830127272724,18.623539,3.9888995601270336,-7.096168727272725,-7.416577,4.845651774995616,6.129851509090909,6.17892,0.4607593983730405,5.856485127272728,5.897665,0.5314618095041108,-4.4536899672727275,-4.2555588,0.8605267951746287,2.0152216163636365,1.8600010999999996,1.0007701971927334
B1G TEN,TwoSeamFastBall,Right,89.37694069999999,89.487652,3.488547536383981,2168.04733819,2168.4710917,251.20850823384174,11.726930466666666,12.9457575,5.223067786130856,14.6467795,16.178135,6.8908132149782935,6.186481166666667,6.167802,0.463079067448212,5.617754333333334,5.6989725,0.7124760319525297,-5.288367791666667,-4.8916622,1.2256805205650267,-0.0889099483333333,-0.09993649999999998,1.2494152439847892
B1G TEN,TwoSeamFastBall,Left,86.39149852631579,87.673204,4.961298780106511,2129.159798994737,2149.690685,234.26400117752857,12.617782052631577,14.800049999999999,7.7797369801521965,-9.400279210526316,-12.510807999999999,6.6425320832832035,6.136226684210526,6.254349,0.48309941984898563,5.575022789473684,5.902856,1.0990261697548223,-5.417993415789474,-5.224055,1.6030875473594965,2.148820605263158,2.0226355,1.275583624375491
B1G TEN,Splitter,Right,83.48682025806451,83.62004200000001,3.5236453847990075,1705.504492024194,1674.7818324,478.82809485109914,9.356000951612904,9.440445999999998,5.631218187584731,10.306346016129035,11.053602000000001,5.750950763480085,6.116984935483872,6.102283,0.5262485707872976,5.976042258064516,5.962543,0.5094376621262974,-6.403444708064516,-6.1835684,1.1139673662333565,0.19202505645161297,0.3567313499999998,1.1745382833271383
B1G TEN,Splitter,Left,83.34979366666667,83.142518,3.4899268159647527,1791.6529781000002,1772.17224775,486.0132038294826,12.031081083333333,11.355647999999999,3.7583194827517317,-4.7123935,-5.94772,6.672190893211284,6.270056999999999,6.311233,0.4504941351175765,5.74111575,5.8591964999999995,0.47199939327717444,-5.565992158333334,-5.6432042,1.0506588607570153,1.8035187583333336,2.1839817000000004,1.358760413114916
B1G TEN,Sweeper,Right,80.44727717857143,80.5520655,5.001097105348564,2434.5512437142856,2482.8852493,243.06877316817565,1.4570992500000002,0.23836149999999914,7.850344502730968,-7.7472495357142845,-9.896199,8.503197122630487,5.8178557500000005,5.9258275,0.4551916091269874,5.758789678571429,5.756213000000001,0.3838991078263415,-7.473438778571428,-7.28592395,1.742139665709819,-2.5221946999999996,-2.41357325,1.421149798068009
B1G TEN,Sweeper,Left,77.70929157142858,76.939503,2.8185617484372534,2260.648051328571,2254.39273,256.2494077454268,-4.721223714285714,-4.349646,3.9357533868155667,11.087852999999999,10.45146,3.9350595449900303,5.754720571428572,5.8747929999999995,0.44314371588002816,5.902163571428572,6.020404,0.4516890608814421,-8.271355600000001,-8.284523199999999,1.0833290663576547,3.2157228142857144,2.8919039,0.7952553512694404
B1G TEN,Knuckleball,Right,81.18903119047619,81.56504,3.8532676335096316,2065.5138693333333,2186.879224,392.85867963785097,8.543686666666666,12.30028,8.3630854999132,3.864342857142856,2.36228,8.17370710218279,5.857547952380952,5.76505,0.6908022332011271,6.088231523809524,6.1399,0.4371634958058619,-7.164158238095238,-7.309359,1.6116388203116312,-1.5246785190476189,-0.932159,1.9831117097639253
B1G TEN,Knuckleball,Left,79.4409275,79.449915,2.161318537737727,2250.0839435000003,2204.2490185,155.79314943814637,3.38708,1.35593,5.8929683695485755,0.2612574999999999,2.466495,6.635189642954355,5.517045,5.368715,0.7096665939192854,5.512107500000001,5.4206900000000005,0.23064522392356204,-7.8448382500000005,-7.841151,1.6833328968316656,2.03568,2.1770129999999996,0.9702312536349258
ACC,Fastball,Right,92.49397511183145,92.60155999999999,2.4632464397192617,2346.621608613776,2346.525921,156.26284166909664,18.579703510534845,19.385398,3.959426105586035,14.9547565089141,14.940252,4.20990703034303,6.1902087520259315,6.178006,0.48140740320818537,5.884690518638574,5.939324,0.552379150081073,-4.081280782333874,-4.0443345,0.6155936714551463,0.3891939489465155,0.4121629000000003,0.7267101164145794
ACC,Fastball,Left,90.88864376306621,91.006745,2.26348796372592,2284.3867806623693,2283.4497698,151.39473540527592,18.419221094076658,19.174108,3.9295778181532275,-7.841535655052264,-8.09789,4.635409578977737,6.1893867003484315,6.1484049999999995,0.48969708728380007,5.849893484320557,5.913399,0.5149976321289013,-4.1753678299651575,-4.1275654,0.6240658560188584,2.271511742857143,2.182959,0.8953341961105713
ACC,Slider,Right,82.88104221694915,83.093865,3.091047654338329,2500.997231478983,2510.2461728999997,266.5529053293855,3.7738402338983055,4.355743500000001,4.777544559774908,-2.895936332203389,-2.9432439999999995,5.838314784264935,5.72148736779661,5.719156,0.48759256942365786,5.749847089830508,5.8309335,0.5835989593239119,-6.669298023389831,-6.6024452,0.9876212641700651,-1.8499400030508473,-1.8536261999999997,1.0106069829799589
ACC,Slider,Left,81.17098753183521,81.230132,3.0637934057265275,2415.8249670220976,2409.7845884999997,233.09523997878165,3.786233970037454,4.22121,4.489507007666165,11.217883902621722,10.946443,5.439967818847592,5.751489172284645,5.724848,0.49504537320838965,5.661917779026217,5.658788,0.5254792310524868,-6.7392253119850185,-6.7050262,0.8498880652579719,4.527211458426967,4.521660000000001,1.1769431212936818
ACC,ChangeUp,Right,84.62199794787645,84.8678655,2.8661631228289446,1940.555806480309,1941.9349318,324.56612528301525,10.350670146718146,10.930588,4.392298326468289,16.494832401544404,17.669006000000003,5.622491632664229,6.12846909073359,6.128813,0.5380721786288659,5.698736727799228,5.7366685,0.5699032181812053,-5.960182933011582,-5.926146099999999,0.9621936455481944,0.6372482662162163,0.8015935000000001,1.1739373837976992
ACC,ChangeUp,Left,83.21918670980394,83.386969,2.95894420672637,1952.6644308145098,1970.844647,293.1976546198528,10.601133803921568,10.929724000000004,4.395682121777647,-7.854355917647058,-10.054443999999998,7.404350606197172,6.148919349019608,6.123252,0.5531648457662007,5.6301494352941175,5.664458,0.5190217610110603,-6.011802278431372,-5.9483935,0.8863358423551946,1.913016883137255,1.8836061999999996,1.2353189862847782
ACC,Curveball,Right,80.31444123316062,80.37012200000001,2.8981001847840355,2503.69002671114,2509.9584950500002,291.1700849610354,-3.6529078652849734,-3.7293934999999996,5.071466603261151,-5.121028401554404,-5.1553495,5.9639866560381565,5.601288554404145,5.602537,0.5015050435390682,5.868998525906735,5.912196,0.5267257094344882,-7.850494781865285,-7.8113486,1.045085845854202,-1.823893303108808,-1.6827964999999998,1.3965588295470552
ACC,Curveball,Left,78.68368746073298,78.74132,2.855456835570216,2438.5622958717277,2438.0520348,266.0877863083924,-3.5677499633507854,-3.8656159999999993,6.376971103363148,11.726451130890053,12.820853000000001,5.990479087799389,5.624029476439791,5.614148,0.4966239612158854,5.824550607329842,5.849038,0.4866983128946088,-7.834695721989528,-7.9218434,1.0672900027492753,3.891670943979058,3.8621862,1.3739312530874959
ACC,Sinker,Right,90.84829302439026,91.477078,3.6465058157960963,2290.4882952121948,2291.7795401999997,199.55904842065834,11.96434281881533,12.793182000000002,5.2320111591340535,16.063091895470382,18.73871,7.84539651066444,6.017523871080139,5.990602,0.49443692624061336,5.600549540069687,5.747924,0.6367509251345496,-5.124181695121951,-4.920066,1.2670488735647873,0.18537745958188157,0.557277,1.31531803534987
ACC,Sinker,Left,89.5484246946565,90.200665,3.5027056286214595,2250.50088669313,2260.091795,191.0429194229413,11.912842877862596,12.23605,4.932918204162671,-10.810625847328247,-13.157008,7.168266244237096,6.0310897404580155,6.043602,0.5801753625089492,5.505827175572518,5.554285,0.528408504670327,-5.061923045801526,-4.7943719,1.2858103097639821,1.8368168389312978,1.9183159,1.275921756745587
ACC,Cutter,Right,86.35465748015874,86.500839,3.250616270418941,2426.136249346826,2427.6457296999997,254.11095798308708,8.497496571428572,8.574618000000001,5.474337966769268,2.01259303968254,1.3225155000000006,4.8544740418924786,5.874371571428572,5.850515,0.5079082774110165,5.76529298015873,5.8122635,0.5149154927850541,-6.0469563369047625,-5.9099832,1.1935548035304115,-1.564309036111111,-1.497428,1.1675338351972828
ACC,Cutter,Left,85.41763803191488,85.2012395,3.2950391633197027,2308.375773781915,2349.7847113999997,216.81770462840956,9.613329638297873,9.359284000000002,5.140261379685759,2.5707435106382976,2.8226189999999995,5.705561397993874,6.008159074468084,6.070945,0.5522975696354822,5.753468265957449,5.785717999999999,0.5597757926190643,-6.024183724468086,-6.034222199999999,1.1337849114137528,3.440073027659575,3.5530566,1.1766604729987995
ACC,FourSeamFastBall,Right,92.46143597938146,92.575342,2.3786843672769233,2331.2322085685564,2330.2269156,170.38954415182778,18.044664932989694,18.975413000000003,4.226840435250805,12.611587030927835,12.3635655,4.216398198243753,6.000228556701031,5.97242,0.5443516363996329,5.851912005154641,5.9181865,0.5043675446597021,-4.298410012371134,-4.1580436999999995,0.8157516985376766,-0.06848877938144317,0.023420300000000033,0.9758889109786257
ACC,FourSeamFastBall,Left,90.72816194117647,90.738115,2.439720033604803,2252.0403258305887,2245.4011796,165.21711368023875,18.06659374117647,18.58922,3.9549806791068938,-7.526055729411765,-8.339334000000001,4.865393166645908,6.097561094117647,5.983935000000001,0.5488155289420518,5.811787682352941,5.824687,0.5669471746651993,-4.281508609411765,-4.2265843,0.9552625658825579,2.0071054164705884,2.1160621,1.0683162508878437
ACC,TwoSeamFastBall,Right,90.84286308139535,91.2446135,2.921567743306097,2240.3855983476747,2229.54364745,173.210133251204,11.171804953488373,11.600587,3.7242748213383203,16.338758848837212,17.70818,7.008861762164066,5.880834174418605,5.8976869999999995,0.5364427835801228,5.428036988372092,5.6317710000000005,0.729214639780033,-5.088691427906977,-5.00752135,1.0334229477373813,0.13548203837209308,0.16900800000000002,1.1423001934307557
ACC,TwoSeamFastBall,Left,89.92096717391304,90.3899375,4.232494329887942,2208.638523319565,2215.07458005,137.1043503685676,11.501886043478263,11.454455,3.9187771717980877,-12.344688499999998,-13.694791500000001,6.035654704468964,5.967074717391304,5.967131500000001,0.5058408402000043,5.586317978260871,5.592354,0.5727758700605207,-5.2547847760869555,-5.0340244499999995,1.21968059432224,1.7004350195652171,1.5938239,1.3338229024681565
ACC,Splitter,Right,84.18213467164179,83.876988,3.384197977923808,1665.0496931955224,1501.8493441,555.0063040045122,7.991396880597017,8.279271,5.820700712098601,9.048113746268656,11.018336,7.870616598787848,5.825942074626866,5.87613,0.5600127928803779,5.807656164179105,5.8408,0.3956691333331235,-6.619060928358209,-6.568512,1.0476410444489572,-0.24794477910447757,0.150104,1.8666845194305488
ACC,Splitter,Left,82.83314308695654,82.481099,2.28516603984102,1634.9655906434784,1401.4765489,567.8014588777927,7.621708913043481,8.394452000000001,5.844134902034845,-3.0491544782608693,-3.88119,5.855441451124029,5.93974143478261,6.008484,0.4722988728659212,5.580366739130435,5.6064940000000005,0.4694822416801039,-6.659157013043478,-6.698434000000001,1.1175830937703604,2.2045243826086955,2.2789805,1.5501653628129288
ACC,Sweeper,Right,82.3094227142857,82.17662899999999,3.4507672657038073,2556.517935164285,2519.6497546,242.0362780763148,2.2764362857142855,1.7393535000000004,3.9254634580775374,-9.409794785714286,-11.465838,8.328370530306927,5.826081571428572,5.6942260000000005,0.5044710410541372,5.4499915,5.536733999999999,0.5010115338733301,-6.699968685714285,-6.742786649999999,1.1981645127029472,-2.924359821428571,-2.5447935499999996,1.271407274355528
ACC,Sweeper,Left,79.670652,79.1050415,3.7085237066404604,2482.762889766667,2408.98279645,142.01480388386187,5.4797183333333335,6.1595955,2.4767595746749866,13.529909166666668,14.670078999999998,5.167377240069002,5.5514746666666674,5.521375,0.25277559086712115,5.346662333333334,5.321073999999999,0.32260298359524775,-6.800233166666666,-6.573525399999999,0.6865521706594496,4.9725304,5.2305345,0.8717063168461134
ACC,Knuckleball,Right,80.78571200000002,80.98143,5.189771734570288,2318.0482706913053,2368.377872,351.9031799430758,1.2333256956521743,-0.5125219999999991,6.113832712483215,-5.4964952608695645,-8.57414,10.163177514118617,5.606247391304348,5.68144,0.38413644508234185,5.507541869565217,5.59494,0.5524795109545223,-7.3396293043478265,-7.733921,1.1488491551261761,-2.7802414,-2.939222,1.7126694068898838
ACC,Knuckleball,Left,80.60787733333332,79.58973499999999,2.36440425165422,2273.3439141666668,2332.0295334,523.2609707894978,1.4199623333333335,0.4892500000000001,4.997540641615389,-0.19608133333333408,5.5316315000000005,14.15103154317545,5.485527,5.278611,0.6886197060601251,5.338495333333333,5.47391,0.34049714716654467,-7.5563959999999994,-7.2845845,1.0191993077366568,1.7510841499999996,1.8876784,1.5386088897039816
SEC,Fastball,Right,93.50411812025317,93.553523,2.458501580716223,2362.74778317231,2363.536396,152.23674926550407,18.746301001582278,19.6379045,3.675317184384329,13.685638716772154,13.787464500000002,4.453184258101196,6.223912819620253,6.199467,0.4746554333853821,6.038271537974683,6.081372,0.5033736773634633,-4.056343859810126,-4.003516599999999,0.625449320515567,0.3239104615506331,0.435951,0.7653422223072257
SEC,Fastball,Left,91.69194708550185,91.72185,2.2517070927365412,2314.137488603346,2312.0730173,149.64153063856753,18.593098583643126,18.987903,3.3980645570698584,-7.501166944237918,-7.985099999999999,4.353383371675508,6.195754706319702,6.197312,0.4843656588504163,5.985254074349443,6.022336,0.4460494020943956,-4.198500758736059,-4.1707106,0.5855015943546144,2.2173750762081785,2.1709675,0.8397977223315269
SEC,Slider,Right,83.71849988157894,83.967413,3.1487160783234827,2533.3967547777966,2543.4740792,236.33671563094046,3.8430109523026323,4.177415,4.382510337385626,-3.530714388157894,-2.9735050000000003,5.489447376006924,5.79794884375,5.7665,0.4664655815138341,5.908008524671052,5.934098499999999,0.5136850563418986,-6.692367938980262,-6.60618245,0.9691102258294656,-1.8549540981907897,-1.806402,1.110548087224065
SEC,Slider,Left,81.94706937065638,81.783332,2.972692101246435,2458.9072606150576,2450.2894794999997,231.85668519541898,4.3222434054054055,4.221172,4.375212915400074,10.229993150579151,9.909177999999999,5.381855659497252,5.836292019305019,5.86251,0.49998251508465175,5.852468706563705,5.8951459999999996,0.4398580755377611,-6.781244442857142,-6.6611683,0.951833598537453,4.309554223938224,4.2597014,1.2949857150031614
SEC,ChangeUp,Right,85.46676705410447,85.729674,3.037417649268931,1962.2017329330226,1971.1555416,314.0062158967969,10.561789427238807,11.0491785,4.677441813197897,16.02618819216418,16.9408795,4.9679405152533205,6.144099774253732,6.15297,0.4978309800009371,5.801318593283582,5.8533635,0.5410064197473842,-5.976049491044776,-5.9240577,0.9146142808770583,0.6123875197761195,0.7586874499999999,1.054948095362438
SEC,ChangeUp,Left,83.59260583122364,83.87401799999999,2.696930594710567,1936.2140138143461,1930.6817303999999,274.5388455791124,11.910706198312235,12.026292999999999,3.9724205670572093,-7.798582097046414,-9.80867,6.666771734310177,6.2270330548523205,6.256034,0.5379203277974012,5.805852421940928,5.80524,0.4334848660111052,-5.960297362869198,-5.8998871,0.8671459356215787,1.8315901181434602,1.8666464000000003,1.1037789835894516
SEC,Curveball,Right,80.55806107746479,80.58062699999999,3.082809680295195,2522.9242788779347,2519.3112878,275.8045977567446,-4.011925577464789,-4.196348499999999,5.248293532336567,-5.698945119718309,-5.7446365,5.326007161823492,5.652423657276994,5.633391,0.4745812148415125,5.996194253521127,6.065752,0.4823367176381067,-7.831219641314553,-7.8036749,1.0292490085823571,-1.6355342147887322,-1.5515849,1.0673271436377558
SEC,Curveball,Left,78.91112554404145,78.8881,3.190930194941149,2459.2071436357514,2449.7874793,275.59720525692103,-3.04024907253886,-3.39664,5.979632779300449,11.140809036269431,11.768457000000001,5.795071644306357,5.671366450777202,5.644759,0.48253107545323004,5.881126922279792,5.9131979999999995,0.46830448534390734,-7.914566100000001,-7.8487098,1.0485643297664367,3.8320188963730573,3.8930396,1.3072359528819495
SEC,Sinker,Right,92.28170790035587,92.810535,3.772867479774426,2293.5592441790036,2287.13833,174.8074404107867,12.030068864768683,12.604865,4.199484715025597,16.684449505338076,18.26096,6.370263893058679,6.0890975836298935,6.093902,0.48060844211485215,5.717180743772242,5.76569,0.5697703841959831,-5.07747240391459,-4.871797099999999,1.1026261660362635,0.3238773925266905,0.4869268000000004,1.1361693821419228
SEC,Sinker,Left,90.62857015942029,90.915109,3.4027709356638947,2243.862253091305,2267.4352705,160.98209652278743,12.803228398550724,13.324105,4.1659807615206415,-11.015673311594202,-12.854043,7.011818601663841,6.102348108695653,6.067360000000001,0.5092113543492652,5.785258434782608,5.786105,0.4162963498939878,-5.161630757971015,-4.921809,1.2137923603984573,1.7770168427536235,1.7019981000000004,1.2180588669640755
SEC,Cutter,Right,87.4679920609319,87.55185399999999,3.1355204328990873,2457.099932116846,2468.9204219,228.55360344572338,8.859203211469534,8.811801,4.275127715541303,1.4476358709677424,0.817731,4.344502415508576,5.949836874551972,5.954856,0.46942301429490596,5.913606652329749,5.943668,0.4457876731506763,-6.017015695698925,-5.8750944,1.1006118138535332,-1.5558372774193547,-1.5534317999999998,0.9838082224255275
SEC,Cutter,Left,85.28509615887849,85.55483199999999,3.5439225525662468,2356.3045697345797,2366.5289402000003,213.0255003786911,8.183032878504672,8.77106,5.3227371864263535,3.3765066168224305,4.00603,5.081647852937656,5.88004376635514,5.893566,0.5013054451802565,5.756567373831775,5.798666000000001,0.4526202555366952,-6.206437395327102,-5.925154,1.2047816754150131,3.451978713084112,3.6117696,1.3115430847779648
SEC,FourSeamFastBall,Right,93.36668104848485,93.467032,2.594305715556591,2342.0301662066668,2348.7510515999998,149.78097454120862,18.72085849090909,19.634611,4.344846028583302,12.64406618181818,12.78081,4.300191729000636,6.111626351515151,6.146566,0.5156722253065327,6.018976763636363,6.092614,0.5215092416938396,-4.162609582424243,-4.023555,0.7700333340502077,0.03266199575757582,0.1166462,0.8222642684828532
SEC,FourSeamFastBall,Left,91.13570232467531,91.33624200000001,2.4721398172412132,2247.0800571545456,2267.837856,177.9819916628207,18.530424207792212,18.50466,3.4242350849738856,-8.657875402597401,-8.727926,4.02238152760529,6.055321233766234,6.076916000000001,0.4870959421051422,5.900163610389612,5.906985000000001,0.44345694356174076,-4.3116311844155835,-4.2648885,0.6960958047268778,2.0470462532467533,1.9822362000000002,0.907334815362641
SEC,TwoSeamFastBall,Right,91.02460997142855,91.15332,3.3021189911317634,2287.78857264,2288.7751908,162.54413954623516,11.644925599999999,11.765979,4.439785053138246,14.706157428571428,16.50052,6.780299452298638,5.904909885714285,6.019772000000001,0.4941471125049862,5.749297371428571,5.650443,0.42689078806197767,-5.438478714285714,-5.3222824,1.229184192110534,0.026215577142857223,-0.16179359999999998,1.313930101652714
SEC,TwoSeamFastBall,Left,89.2391499,88.75637549999999,2.5803561439174034,2220.88885081,2221.82143835,205.21998985894783,15.024161700000002,15.0858435,2.8029438466148777,-12.195849299999999,-14.763431,5.351767971902632,5.9113637,5.947905,0.6212546772878335,5.8795294,5.911235,0.4001383340134258,-5.88422078,-5.9102888,0.8082949952161264,1.72015986,1.8220130499999998,0.8577082394688827
SEC,Splitter,Right,85.27846862962964,85.75061,3.8813530192787087,1898.8209627592591,1837.4251875999998,617.1521867450983,7.3261506296296295,7.713787,5.848657615999102,7.754663308641978,10.00973,8.285853736630337,5.9123704814814815,5.872622,0.4781321636509187,5.965764432098766,6.06363,0.6161433337127933,-6.499927528395063,-6.302689,1.3180222739395377,-0.4016408888888888,-0.048860799999999954,1.8588194551491326
SEC,Splitter,Left,85.18117823529413,84.1509,3.96682702879037,1532.500184064706,1445.9468487,428.03728219656415,6.920609882352941,7.98309,7.4099772950637215,-6.835250823529412,-7.98264,6.152850373893036,5.867348823529412,5.89525,0.3633082688444258,5.9358834705882355,5.812336,0.49098461653643055,-7.025898347058824,-6.1724398,1.955055561412394,1.7248734764705882,1.589695,1.740980655835013
SEC,Sweeper,Right,81.0893165,81.0933585,1.6014839129390275,2672.3133274624997,2695.1208795499997,268.7060247059578,1.76870225,2.7450789999999996,3.3541096656309084,-10.485861499999999,-11.0011555,4.519765419363349,5.596389500000001,5.6977985,0.482616317143598,5.3604424999999996,5.353386,0.42455422086230626,-6.907871762500001,-6.8645139,1.1336401237706446,-3.589304575,-3.43760385,1.3705233665484227
SEC,Sweeper,Left,77.326134,77.997143,3.7941620136590744,2578.013435425,2521.41739745,287.167205791232,-1.1853237499999998,-1.7989744999999995,1.813680427047496,18.58146125,17.8284625,2.206496426731683,5.504772000000001,5.51992,0.2828562485017788,5.397685000000001,5.617084999999999,0.6907093025470267,-7.9411978,-7.7643094,0.9785230879828849,6.334567825,5.7144831,2.2317784914633068
SEC,Knuckleball,Right,77.1415835,80.29711,8.659207197299313,2376.4561182,2610.4694280000003,454.5762591248741,1.4492489999999998,1.6522649999999999,8.142604681664768,-7.931108,-9.806235000000001,5.564160327747215,5.476871999999999,5.442905,0.605323428768456,5.461587,5.710240000000001,1.0998608447167306,-8.0855756,-8.172207499999999,2.0881306703086953,-2.9884300999999995,-2.1916165,1.4929322290005966
SEC,Knuckleball,Left,79.16491500000001,79.16491500000001,2.5323449999999994,2224.9727270000003,2224.9727270000003,78.8102080000001,4.267955,4.267955,0.336025,4.70752,4.70752,8.944099999999999,5.410135,5.410135,0.21533500000000005,5.872285,5.872285,0.7132749999999999,-7.216748,-7.216748,0.5943620000000003,1.208939,1.208939,2.728138
BIG 12,Fastball,Right,92.28307958216783,92.4620245,2.5316700559100758,2329.183154155595,2337.9406017,159.93119097268666,17.953686954545457,18.620735,3.7908856495297054,14.36757394055944,14.377583,4.099301790920074,6.229287620629371,6.246406,0.4649307087581335,5.924868043706295,5.9799925,0.528773359642852,-4.2051045903846145,-4.21663,0.6218908046105908,0.2075718512237764,0.21523970000000048,0.785857866759666
BIG 12,Fastball,Left,90.38308151627908,90.28521,2.5692277022034746,2275.527248604186,2282.0414931,157.8695510256103,17.685769506976747,18.158549999999998,3.62573723467447,-6.451198786046511,-6.786548,5.606705881340508,6.077704553488373,6.0705029999999995,0.4819498212789626,5.907018744186047,5.94171,0.4474541452689403,-4.415477212558139,-4.349887,0.6088907089806078,2.264381044651163,2.2550034,0.9280667015988491
BIG 12,Slider,Right,82.97686873333332,83.158049,3.1125463819322814,2500.2838750162164,2503.1523584,244.7789985368655,3.9717061189189193,4.5725679999999995,4.406178696442793,-2.5697432846846837,-2.24728,5.967878289171849,5.785446956756758,5.7716,0.47423322775682963,5.793540300900901,5.825806,0.5176704277735131,-6.7039435185585585,-6.6553366,0.924100573323993,-1.883722064324324,-1.8732951999999998,1.1358689011837888
BIG 12,Slider,Left,80.99718603414635,80.895258,3.114687078247484,2431.8561069604875,2421.1370110000003,243.4830588940324,2.853617380487805,3.36005,5.234149595220298,10.60932612195122,10.608096,5.487868505417639,5.7093998292682935,5.6870829999999994,0.4756778020468804,5.76840923902439,5.7820350000000005,0.44376833596443127,-6.9606542936585365,-6.8575906,1.0152159776833987,4.36667557804878,4.3315458,1.3291656322689138
BIG 12,ChangeUp,Right,84.58621188080808,84.743032,2.698072842454164,1990.685395291515,1987.2533987,309.8100160217204,10.51140921010101,10.99264,4.161645056666659,16.010108565656566,17.108938000000002,5.288488192280592,6.109622096969698,6.142462,0.4816404148558214,5.723914557575758,5.75931,0.5086936334071601,-6.056445282626263,-5.9913924,0.968187029207302,0.49216218202020207,0.644460799999999,1.2264369658252348
BIG 12,ChangeUp,Left,82.67200637055838,82.58588,2.900898509872056,1936.1306191629442,1911.4897717,302.04409202989655,10.151376908629441,10.848755999999998,4.526022631104799,-6.385603294416244,-8.939131999999999,8.0618161779739,6.052362558375634,6.079062,0.5407214054278983,5.716163796954315,5.7126,0.46180634541053106,-6.185879447715736,-6.180678199999999,0.8619116529911853,1.9568041802030458,1.8240142000000001,1.203858110554484
BIG 12,Curveball,Right,80.08300918881119,80.127616,3.0847167362113366,2494.684162881119,2504.3026477999997,285.58794469752337,-3.132946044289044,-3.7491779999999997,6.0054670115324855,-4.926675095571095,-5.135222999999999,6.330522616778853,5.673067920745921,5.704562,0.46534138420873244,5.9140229184149185,5.952216,0.4649785678133491,-7.771672725174825,-7.7462985,1.0236255061903798,-1.8343399482517484,-1.7548584999999997,1.2002783290786114
BIG 12,Curveball,Left,78.7632094493671,78.779864,3.2332980272395253,2397.3588274044305,2398.1089989,300.3348299188018,-2.537760607594936,-3.299970499999999,6.062612359620921,11.106246841772153,11.8584575,6.157309830995667,5.5574319177215195,5.600935,0.5457840551428877,5.873811405063291,5.880974,0.43555633207316113,-7.942255640506329,-7.9793131,1.0468011585563861,3.778636653797468,3.94427235,1.4741578615134223
BIG 12,Sinker,Right,91.2484725909091,91.778355,3.1525721975527783,2278.475463497203,2278.330566,195.79540660913045,12.725015867132868,13.5234365,4.3986633393248775,16.663241412587414,17.895001999999998,5.64812208458397,6.002822479020979,6.019005,0.5258848099376637,5.661893545454546,5.736625,0.5498956377549339,-5.069112607692307,-5.010552349999999,1.042985773893321,0.24116204895104906,0.3651426500000001,1.2676969118304573
BIG 12,Sinker,Left,89.3929662524272,89.74782499999999,3.030337122236116,2240.9586853291266,2256.321715,161.40377400102622,13.012372805825246,13.51052,5.0358510650159145,-10.605958747572815,-12.02158,5.944759649124149,5.939253524271845,5.950135,0.5335847521547041,5.652959708737864,5.6649259999999995,0.4884038258874789,-5.080444919417475,-4.8702559999999995,1.15677004706491,1.9494937291262138,1.9344549999999996,1.0797472651869846
BIG 12,Cutter,Right,86.3390786678832,86.42705600000001,3.1979654834496976,2398.0279855948907,2400.9371962,274.8618326569612,8.426340729927007,8.457457000000002,4.896844430001037,2.0674924708029203,1.3017980000000011,4.956694353751172,5.850905189781021,5.896652,0.5066469007596062,5.812973040145985,5.841445500000001,0.468355350801095,-6.1067965704379565,-6.0186247,1.0836758518372305,-1.7851065678832116,-1.7984054999999999,1.1654444490226603
BIG 12,Cutter,Left,83.92871148611113,84.651193,3.393274183312267,2333.231159070833,2303.5258407,259.7804775639906,7.5708838472222215,7.6726735,5.607153482606581,3.426355,3.9038065000000004,4.735026880773932,5.781108111111111,5.8284775,0.617512645552762,5.648189777777777,5.698278999999999,0.42021809471997934,-6.413673666666667,-6.2301372,1.3834945113072428,3.3340393222222224,3.6725768,1.6340537783665985
BIG 12,FourSeamFastBall,Right,91.74430164705882,91.93502,2.652954551212297,2302.310668113971,2294.3995051,186.86298974466882,17.89984441911765,18.5146135,3.974401308323222,12.29080830147059,12.246445999999999,4.563688302021835,5.956430235294118,5.98043,0.5133300378205874,5.940634860294118,5.9865949999999994,0.46911743081405116,-4.52655867132353,-4.3551117999999995,1.0148331745811303,-0.1138453779411764,-0.025462200000000056,1.112618002529683
BIG 12,FourSeamFastBall,Left,89.04662357142857,88.8766775,2.722489369855553,2271.4476995166665,2245.9033148999997,205.8969409781397,16.48807226190476,18.139461,5.827039166869549,-6.377207142857142,-6.853152,5.337236023251979,5.767766119047618,5.907834,0.5548489449589047,5.941784952380953,6.001659500000001,0.4083577816162214,-5.04259165952381,-4.890688,1.1142586772535341,1.8355838976190482,2.1096665,1.4972075079493463
BIG 12,TwoSeamFastBall,Right,89.0894112542373,89.272934,3.192449652803051,2217.5405377288134,2269.4551616,258.59012172321826,12.125971118644067,12.16331,4.289213997791821,15.588088186440679,16.716146000000002,5.206030178641402,5.890684338983051,5.905846,0.5874016538526838,5.770990881355932,5.805507,0.4984026980915654,-5.573237344067796,-5.359853,1.1926004866953401,0.08156517796610177,0.348104,1.1041485787632699
BIG 12,TwoSeamFastBall,Left,88.84592608695652,88.54489199999999,2.9887141598505105,2133.751002217391,2140.118761,202.24675806291174,14.612553043478261,14.521666,4.3770494734501675,-9.271942565217392,-8.238689,5.292101541639815,5.982588043478261,6.071454,0.5808174716222014,5.874575869565218,5.87747,0.37824789530599867,-5.446412100000001,-5.1542601999999995,1.0240462254542484,1.5052936869565217,1.4042966000000003,1.1964545411775656
BIG 12,Splitter,Right,83.55894760344826,84.26126149999999,3.9643391595684783,1696.9831852017242,1653.7271483,576.343362058463,5.65299174137931,6.58528,5.8633809307959925,6.7470778965517235,9.135792,8.212251144173033,5.921931362068967,5.905084,0.5611285795062606,5.81608574137931,5.7586200000000005,0.5214977495742947,-6.868641453448276,-6.6996395,1.191579024878164,-0.6447653051724138,-0.86972385,1.591208625619172
BIG 12,Splitter,Left,82.60164431578949,82.10686,4.407956930996253,1749.8128838105263,1510.50914,545.9205520131579,4.400932947368421,4.62181,5.861869099604543,-3.6553292631578946,-2.8027420000000003,6.347509890773231,5.850173842105263,5.905908,0.5194047427028734,5.797970947368421,5.71558,0.4741453733448905,-6.993672347368422,-6.71841,0.9311726279238035,1.735880047368421,1.74926,1.1336878401629629
BIG 12,Sweeper,Right,78.65148993333334,78.25227299999999,3.956151926528747,2454.123985953333,2507.0366282,204.38823413069684,-4.335755333333333,-6.323943,4.675313227508386,-9.969392133333335,-9.287524999999999,3.581456082537657,5.500076866666666,5.400952,0.5339320765094712,5.956987733333334,5.76855,0.4822891952593682,-8.247737166666669,-7.7422988,1.6435110078824382,-2.5522839533333337,-2.834495,0.811603357933317
BIG 12,Sweeper,Left,74.83876200000002,73.09516,2.7988858821242912,2367.2747925999997,2380.367379,351.11283807238925,-4.249834666666666,-6.18012,5.338090597463062,10.646184000000002,7.51922,4.441866965551611,5.357675333333333,5.31579,0.13241989539676,5.686747333333333,5.67636,0.33188834885779844,-9.312362533333333,-8.538133,1.9710819239158734,3.5575452666666667,2.017953,2.481464396722389
BIG 12,Knuckleball,Right,81.35479488888888,80.9698775,3.2217113612635533,2373.5539153,2343.4367909000002,394.22304312082736,2.5401065,3.5138,6.365685199435401,-5.327234611111111,-8.569005,10.61118795475779,5.503252277777778,5.585599,0.679453608503006,5.738724999999999,5.73289,0.3526372452686567,-8.129945933333333,-8.0222815,1.4318973709544378,-2.9113919666666663,-2.720242,2.0139581007715166
BIG 12,Knuckleball,Left,83.06971,83.99281,2.938204631448711,2484.7039563333333,2500.194626,482.0186269634746,-2.4759066666666665,-3.74303,2.4768388777409176,-6.829436666666666,-14.18544,11.745837247474338,5.386273333333333,5.35182,0.3688738702531742,5.320223333333333,5.57756,0.8651650282011071,-8.112687666666666,-8.188258,0.5533072016016257,0.27562999999999976,2.003656,3.9791328122218625
POWER 4,Fastball,Right,92.41331398226073,92.5116495,2.6159236146018223,2333.7362952190183,2334.24066435,154.79388569554513,18.418000600247524,19.108269999999997,3.851430415438092,14.51897069348185,14.685730500000002,4.30210014892075,6.241010764438943,6.233605,0.4802864961698166,5.953122326732673,6.0046455000000005,0.5269200652123613,-4.142968430033004,-4.1109772499999995,0.6177568410944294,0.35404062875412556,0.4258716500000001,0.7609261897539159
POWER 4,Fastball,Left,90.67578944433198,90.76568799999998,2.5680945998260536,2281.5213074616395,2286.5018029999997,155.59888886976518,18.335021789473682,18.768987000000003,3.671163664895602,-7.26570262145749,-7.55769,4.960569538627533,6.171880089068826,6.159612,0.4862896082067147,5.898683382591092,5.9435305,0.4924919328828785,-4.256905279453441,-4.220325599999999,0.6174272099668227,2.2323553049595146,2.1841921,0.8767412752793258
POWER 4,Slider,Right,82.88951456934306,83.044208,3.141570802275036,2497.1823135193217,2501.2259104,248.56004067238905,4.038765674109061,4.5165500000000005,4.449702056144397,-2.8629468797767275,-2.748795,5.821030853378234,5.795468537999142,5.79074,0.4771994147594747,5.815752990553886,5.862484,0.5396144747992153,-6.681865560283383,-6.6222285,0.9274236196732552,-1.8259758850150278,-1.8033838999999998,1.0577145631865001
POWER 4,Slider,Left,81.06481691239317,81.0842395,3.1776226059528208,2426.263280744765,2420.4661149000003,236.92957359817186,3.920964085470086,4.001160500000001,4.778127645856467,10.857676241452992,10.444517999999999,5.490267868562486,5.776355087606838,5.768483,0.49211629812560037,5.747681462606837,5.773478000000001,0.4981566957938821,-6.820803379166666,-6.7057724,0.9694935774088557,4.419886401709403,4.371580700000001,1.2593274363510365
POWER 4,ChangeUp,Right,84.66674790072288,84.84407999999999,2.9108313087305655,1960.5541249593737,1961.9888566,311.4650845329641,10.662409854939758,11.115082,4.46529703624139,16.208560733493975,17.290974,5.316183129433262,6.162976447710843,6.1770700000000005,0.5148905243684148,5.747200616385542,5.78585,0.5375735756738117,-6.007220817542169,-5.9416247,0.9675183747513096,0.5959359540240964,0.744805,1.1560945470380648
POWER 4,ChangeUp,Left,82.94587001452514,83.18068600000001,2.9441566456139268,1928.817639527486,1930.6817303999999,293.45534655244296,11.037334690502794,11.411799000000002,4.37118594289694,-7.4393675508379875,-9.497842,7.409394008566505,6.1606089709497205,6.18044,0.5423404885697953,5.707798595530726,5.746681,0.4974052496159566,-6.055292690614525,-5.971328,0.9300615495411884,1.8530633160893857,1.8301832,1.1934490461927036
POWER 4,Curveball,Right,80.02651080024287,80.08755,3.0963646429518525,2490.3167202431696,2494.8029296,281.4604750938497,-3.432611033394049,-3.778114,5.788091521339765,-5.11202981420765,-5.3821639999999995,6.124703041471436,5.668721224043716,5.666398,0.49092264387767703,5.9308165713418335,5.977573,0.49478454052935505,-7.841841063205829,-7.808422199999999,1.0741498062535435,-1.7241493061323616,-1.639287,1.2283020377920748
POWER 4,Curveball,Left,78.49804531609196,78.53528349999999,3.1643835812118937,2420.1688658719822,2417.7185014,279.64480494825716,-2.9432467672413787,-3.2668649999999997,6.208430890230354,11.333103288793103,12.377643000000004,6.240667361713303,5.647377806034482,5.6347485,0.5088134534036037,5.857678725574712,5.8911915,0.4755906011469891,-7.884333126580461,-7.88578565,1.0625218803455632,3.850139087787356,3.8950869,1.3755908896549975
POWER 4,Sinker,Right,91.08086349133448,91.5688735,3.5897508015828423,2272.698067696361,2274.67904215,188.55818618680124,12.170798873483536,12.9006045,4.627253042905662,16.50665743847487,18.367932500000002,6.795024217744137,6.060767390814558,6.059174,0.5115059938644534,5.657817734835355,5.753658,0.5887957337627412,-5.100132526949741,-4.9267167999999995,1.13265460376349,0.2939645642114386,0.5211498000000001,1.2427726207741665
POWER 4,Sinker,Left,89.54825069094922,90.24231,3.630927273090184,2232.501323217881,2247.0539792,180.0953477615468,12.473092423841061,12.906235,4.683821383732155,-10.910264977924944,-12.846565,6.950898417998177,6.032067048565121,6.030602,0.548588632032912,5.624825443708609,5.660006,0.5038276674728648,-5.106481883664458,-4.8550680999999996,1.2341385871803607,1.861618849227373,1.869985,1.217527577834137
POWER 4,Cutter,Right,86.55080842637152,86.664912,3.3054131219282716,2406.8387815392684,2413.505448,254.45621294975302,8.945495156881618,8.98272,4.926313397311998,2.107287064485082,1.32854,4.837572573086073,5.936175730510106,5.9508920000000005,0.5069463328711681,5.834427437921078,5.87452,0.4895349867777771,-6.005665905389798,-5.9165576,1.1247165809298945,-1.5685416658325313,-1.50174,1.1174406113836628
POWER 4,Cutter,Left,84.82254304191616,85.306218,3.5725869728492725,2329.627771636228,2338.4149977,220.35432684588835,8.773050251497006,8.858695500000001,5.329357507140501,3.004688883233533,3.4859915,5.200089217057898,5.90498704491018,5.9655095,0.5534152845397211,5.722783529940119,5.777661,0.4805149174164775,-6.189985234431137,-6.079701849999999,1.225825641016456,3.3748647709580846,3.5039959000000005,1.3588533390665565
POWER 4,FourSeamFastBall,Right,92.09872283053434,92.22281,2.7491148529777116,2309.499881106412,2306.783013,171.74622901004986,17.978252085496184,18.945916,4.278966049932823,12.595345966412212,12.690526,4.512341078280872,6.063981816793894,6.069478999999999,0.526815224331777,5.923343282442748,5.987015,0.5097862313487204,-4.368063751145038,-4.1992956999999995,0.8924777888722172,-0.018931817557251804,0.06355940000000036,1.0111750845044203
POWER 4,FourSeamFastBall,Left,90.21446175581396,90.183104,2.7075889183419193,2244.029045068218,2249.8500208,182.53683649745932,17.874919686046507,18.550068,4.232335908157438,-7.5845431627906965,-8.23829,4.785573705079155,6.038106457364341,6.024227,0.5292487641474442,5.868167968992249,5.900852,0.5038885674909296,-4.452001176356589,-4.3379907499999995,0.9362604117726004,1.992980262403101,2.0174711500000004,1.0968842118382571
POWER 4,TwoSeamFastBall,Right,90.0762871380753,90.341562,3.3075967105807758,2222.8948549447696,2237.8122836000002,219.8773902490974,11.628386230125525,12.077312000000001,4.398911596003282,15.492784698744769,17.200729000000003,6.5992054672792895,5.961795987447699,5.9879,0.5427782843681532,5.60746949372385,5.6858699999999995,0.6540415299712845,-5.304289984100419,-5.1140596,1.1684045337498665,0.05570496485355656,0.12946090000000005,1.1898109230089617
POWER 4,TwoSeamFastBall,Left,88.91480368367345,89.412543,4.204530701480748,2176.9037735989796,2191.4858556500003,186.8414819209478,12.807703612244895,13.039538,5.129704202929068,-11.03749130612245,-12.962377,6.110617997102937,5.997825571428572,6.024238,0.537479953863094,5.68169998979592,5.7343625,0.6762297174295786,-5.395629190816327,-5.163756599999999,1.242445893061188,1.743581181632653,1.6568087,1.2679384509701925
POWER 4,Splitter,Right,84.21776417537315,84.1564875,3.7746381957914945,1751.9743681895523,1633.1514304500001,571.5012281670356,7.599952880597016,7.745948,5.931256794583351,8.450281044776121,10.304174,7.755264022957426,5.94016870522388,5.960979,0.5389886939976685,5.896221921641792,5.889986,0.5282626043581886,-6.587186523134328,-6.43345465,1.19218460041618,-0.27849271044776114,-0.0062765,1.693398588666083
POWER 4,Splitter,Left,83.39175999999999,83.353644,3.725081070828258,1668.1807737542854,1488.6184647,529.9923448208973,7.3050308714285705,8.188771000000001,6.511153088097112,-4.377678514285714,-5.019269499999999,6.418922750104846,5.952259057142856,5.97224,0.48457310551361704,5.7501216428571436,5.788719,0.49844417049521006,-6.655413945714286,-6.4573219,1.4246976840792915,1.8817213385714284,2.00850125,1.4907535687202127
POWER 4,Sweeper,Right,80.51296246153846,80.85228000000001,4.336318320059169,2494.6008050046153,2506.441778,251.4744170801181,0.3351103846153847,0.168485,6.552623240959563,-8.955198276923076,-10.482151,7.263540946280805,5.719036492307692,5.715095,0.5080489631949062,5.68898996923077,5.597291,0.4875176854873289,-7.415921215384615,-7.2055959000000005,1.643590733630563,-2.747095153846154,-2.567890499999999,1.3137643115284858
POWER 4,Sweeper,Left,77.79048875000001,77.194624,3.656977417209091,2406.7495908700002,2389.49766095,281.64196926059196,-0.8830527499999997,-1.7989744999999995,5.586956476952508,13.252941150000002,14.3627125,5.071982856167737,5.584200300000001,5.521375,0.35494966023551844,5.60230505,5.626981499999999,0.5244882378911346,-7.920138350000002,-7.620926,1.427131687933746,4.417807460000001,4.13194855,1.9526901770359544
POWER 4,Knuckleball,Right,80.53948852777778,81.13996,5.277839250891152,2266.381015823611,2301.9516034999997,411.4632063586614,3.722198861111112,2.5126,7.842517920666307,-3.0620763055555553,-5.7506699999999995,10.266073699599957,5.635825805555555,5.6737649999999995,0.6124946568607226,5.728322847222222,5.75489,0.6446767207527923,-7.589633052777777,-7.6546924999999995,1.5739374068250553,-2.4757382986111107,-2.663647,1.9455112512874222
POWER 4,Knuckleball,Left,80.59666226666666,79.55183,2.8135820544834407,2302.9637721333334,2269.01798,414.4915810860485,1.5450855999999997,0.98571,5.062210835330664,-0.746981866666667,2.84417,11.9104439929468,5.4640287999999995,5.35182,0.599921891753607,5.452309466666667,5.46609,0.5578887014365101,-7.699285866666667,-7.762728,1.1655515630265643,1.4595995266666668,2.003656,2.4017151346667887
D1,Fastball,Right,90.42106634738873,90.6424165,3.227142416487439,2283.694516213808,2288.90245355,166.7092515800711,18.485049256959968,19.100477,4.014730287277245,14.659111021540339,15.009428,4.48089816753918,6.226274345966267,6.2214290000000005,0.5055351770336248,5.934017804308067,5.9818905,0.5375398246094809,-4.275383664214591,-4.2356384,0.6516375921702533,0.4909051377768748,0.5516581500000002,0.7804620595437531
D1,Fastball,Left,88.62828166273086,88.92156,3.3446601495081474,2228.925819407024,2236.0375792,166.83821160146078,18.332657387223737,18.764400000000002,3.763602353656827,-6.843285498940357,-7.20335,5.31191297419145,6.111767584317287,6.112184,0.5215860588858796,5.897437066000605,5.937029000000001,0.4934717868406684,-4.406575541416894,-4.3653832,0.6629259981687783,2.1322632424765366,2.117122000000001,0.867478199092953
D1,Slider,Right,81.12596148799828,81.4011475,3.5667768167809317,2432.77597515629,2432.2537480499996,256.81704981693457,4.324018180454352,4.576751,4.828259684999686,-2.407806114873553,-2.73677,6.605125887682241,5.775318410415773,5.769268,0.49282175742459017,5.792287156022288,5.835125,0.5403882518843331,-6.807058296720959,-6.7187372,0.9969443262573451,-1.650005324528504,-1.6462135,1.1029033095597702
D1,Slider,Left,79.48039937386804,79.696406,3.5951362933224646,2367.752180342723,2366.6579813,263.03319571310357,4.382721651034929,4.3574025,5.029998110856903,11.078143562742563,10.997326000000001,5.96934174176337,5.703309982535575,5.69456,0.5105982310909766,5.739525704398448,5.7740504999999995,0.503342682822799,-6.923993997800776,-6.832358900000001,1.0203934279680227,4.265660310478655,4.2762052,1.3112655998921756
D1,ChangeUp,Right,83.22786545335865,83.50361050000001,3.193454586445107,1948.7966096761334,1944.9624733,319.0297033947468,11.05150148718253,11.5187565,4.772468054670847,15.755837083432233,17.125206499999997,5.847136286391683,6.132873665677664,6.140738000000001,0.5401552638465816,5.737729508782341,5.7735125,0.544338462159772,-6.096659336850226,-6.00543665,1.008557238576856,0.6421664544386424,0.8135181000000005,1.1873522305705093
D1,ChangeUp,Left,81.68567892107926,81.993684,3.3123812648053454,1905.174326349241,1904.0590498,295.1522835580368,11.507697234738616,11.878492000000001,4.595552613135565,-6.294922118043844,-8.593119,8.05906492942639,6.062688332209106,6.066939,0.5556349131824346,5.712164704890388,5.741578,0.49980643276766645,-6.159200637740304,-6.0682035,0.9680330427905536,1.8389818803372684,1.794146,1.20718599628963
D1,Curveball,Right,78.57623461618685,78.714264,3.5646202901266313,2415.001704062515,2421.6276398,290.24229834146377,-2.3708962758519383,-2.8845239999999994,6.189991222672733,-4.690493224588719,-5.191312,6.765347631358382,5.644905696239718,5.6438049999999995,0.5010488977514076,5.889257782461809,5.924192,0.5065159869478396,-7.860064778055229,-7.809403,1.1742173547798844,-1.5754970056404227,-1.5179262999999998,1.2994838913145859
D1,Curveball,Left,77.06404275084459,77.17694399999999,3.714182103531234,2347.0525069564615,2346.87134965,299.90371890993083,-1.418582404138513,-2.081109,6.528447882417096,11.348428244932432,12.140671,6.477742058514038,5.57740630785473,5.5673925,0.5294432515419225,5.8286345160472965,5.85441,0.47534696705166174,-7.896864141216217,-7.8493974,1.2009384312663707,3.731507235768581,3.8375078,1.4182798523800706
D1,Sinker,Right,89.28201913601683,89.904012,4.1776069725303895,2226.4233178147592,2231.3134545000003,201.39250647163573,12.068436277558538,12.81835,5.10000231816155,16.230375953170217,18.28596,7.239533392118289,6.005368129965799,6.01702,0.5359084523433646,5.617546530649829,5.703331,0.6053734058029031,-5.23900370581426,-5.0515142,1.2152352255602248,0.28542144162062616,0.5297026000000001,1.3185992167935399
D1,Sinker,Left,87.72087012469437,88.488136,4.198870076171476,2188.7403092066015,2198.3116950000003,201.7807329839444,12.27832343031785,12.870538,5.254706788038061,-10.616508252648737,-12.88204,7.644682241473638,5.935588074164629,5.943547,0.5722576208465986,5.599572091279544,5.62885,0.5210803078887825,-5.270385412143439,-4.983598799999999,1.297044587752136,1.6777498277913612,1.6661984,1.2585946702526758
D1,Cutter,Right,85.09668900819207,85.34277,3.6619455389967888,2348.1825101383615,2358.8253597000003,264.1017009188062,9.227634109322034,9.140206499999998,5.280802899664987,2.651592593502825,1.6403679999999996,5.836042347835433,5.90781945480226,5.909242,0.5316992257744303,5.813546171468927,5.8414850000000005,0.5044505728669967,-6.096870527231638,-5.9816652,1.1947976256371708,-1.4236293209887005,-1.3579663499999999,1.202267433742209
D1,Cutter,Left,83.34713223319328,83.6808145,4.165944004457385,2286.186395926996,2303.5474323999997,268.0320500886181,8.83527611554622,8.924931999999998,5.7172469494408515,2.8808939485294123,3.4915335,6.096040929058294,5.797242679621848,5.80485,0.5654389797987064,5.7278626050420165,5.7482880000000005,0.5124153811775889,-6.312834629831932,-6.149655450000001,1.3911473194560662,3.1741357591386556,3.341445400000001,1.5656116126803301
D1,FourSeamFastBall,Right,90.54701870768083,90.75677999999999,3.03791520741287,2272.765214799478,2283.1939192500004,177.0186512935397,18.354928706935123,18.99588,4.119209662148906,12.709352088366892,13.1126185,4.519254171913815,6.078647861297539,6.0882985,0.5326117755202873,5.8983841808351976,5.940376499999999,0.5063986009211501,-4.4079101310589115,-4.2951763,0.8983056719742372,0.10517145622669659,0.20853279999999996,1.0104294327434427
D1,FourSeamFastBall,Left,88.79038824827585,88.83945650000001,2.875661236284311,2223.4074670688506,2227.0455578,170.71534087954606,18.28508361724138,18.61796,3.9137808740545568,-7.6651945356321844,-8.1527685,5.328852900311097,5.99248718275862,5.9966895000000005,0.5576986392269883,5.855508496551724,5.884361999999999,0.4756103152154038,-4.52615954137931,-4.4045507,0.9010368395036652,1.8482972667816093,1.8970179999999999,1.1194560184793139
D1,TwoSeamFastBall,Right,89.21551295242718,89.5946345,3.470154608405535,2200.266678086602,2215.08047015,211.32042846276985,12.86051927669903,13.2411885,4.990587587357138,16.155452521359223,17.5352115,6.000520625723645,6.006571346601941,6.0085035,0.5315221226079051,5.649449677669902,5.7309684999999995,0.6263515596026459,-5.25522950737864,-5.1077490999999995,1.1335321659707394,0.30801870757281563,0.4626111000000002,1.186723715342351
D1,TwoSeamFastBall,Left,87.767629688,88.075665,3.704190766095983,2155.3409119912003,2162.2273834999996,187.77587511264258,13.441785426666666,13.652708,5.006327122773992,-11.807345047999998,-13.046228000000001,6.191832816559764,5.900009933333335,5.90763,0.5370523871123024,5.673239981333333,5.7179,0.5640744143197254,-5.312811831466666,-5.1142074,1.1409729050370798,1.4311463034666667,1.3298349999999999,1.172720133633802
D1,Splitter,Right,82.7001620086042,82.6024625,4.057463181035563,1686.079086257266,1602.1837744999998,553.9086999946352,7.889592725621415,8.129646000000001,5.988057005553564,9.178750741873806,10.730074000000002,7.707952744475869,5.888102000956023,5.869273,0.5540834893106237,5.822741858508604,5.843221,0.551314690719877,-6.741273520076481,-6.5893625,1.3224429098162194,-0.18208168938814523,0.05681500000000002,1.6918613075726079
D1,Splitter,Left,81.48650057291667,81.299418,4.20207576081401,1745.7003930526043,1703.3455353,517.6886815979323,8.171915994791668,8.614566,6.365481219694969,-3.2743538333333326,-3.4235479999999994,7.9312067500345025,5.83480796875,5.836716,0.5152986007138431,5.714457807291667,5.69791,0.5202968206989215,-6.682508957812499,-6.4701424,1.2672286898410703,1.8098405473958337,1.8574738000000002,1.5497841387556566
D1,Sweeper,Right,79.75006135357144,79.73595,3.8168743904436053,2484.443123151786,2498.2138674,293.78376408939744,1.259797492857143,1.443259000000002,5.858853958963161,-9.363926732142858,-11.140541,8.498480137827208,5.62662655,5.6694545000000005,0.4969583851255028,5.576109253571429,5.587369,0.5259883528289896,-7.334269002142858,-7.2135922,1.4494994481980175,-2.7139921885714284,-2.6039742,1.4520890702899816
D1,Sweeper,Left,78.00045492957746,77.95535100000001,3.9353348131761754,2376.4903282309856,2380.367379,319.86577030813373,1.8334987323943668,1.247232,5.79116921636285,12.56134309859155,14.873881000000004,9.469897989750672,5.555603591549295,5.50628,0.49566328541859944,5.520924169014085,5.4767779999999995,0.5117417734774077,-7.4558721676056345,-7.047416999999999,1.4554778280439624,4.073638580281691,4.1983821,1.9098354681009502
D1,Knuckleball,Right,79.8818287126437,80.257516,4.9525775375529255,2261.846336554023,2322.4100258500002,491.20761939036527,2.9610685287356326,2.086535,7.15354200881041,-2.809365793103448,-4.449035,9.43141879791817,5.616224844827586,5.589575,0.5961459314345524,5.658856689655173,5.6839995000000005,0.5862689675153879,-7.672327644827586,-7.674854,1.4791160599877333,-2.3555821137931034,-2.573091,1.9693167857647533
D1,Knuckleball,Left,78.77263160416668,79.037365,4.7174844137257645,2122.660088289583,2142.821288,548.3106633397365,2.2484218125,2.9112400000000003,5.94900772896216,0.3139055208333336,2.9824200000000003,10.913800191468159,5.4355143125,5.32402,0.5664185791355393,5.471330062500001,5.469435000000001,0.5264325284114213,-7.534587829166668,-7.409033,1.244343416868952,1.6418889645833332,1.5447055,1.96017178306321
